<procedurehazidtable>

	<tablerow>
		<cause type="rootcause" param="TANK-LEAK(1)" />
		<deviation type="smaller" param="2;1,0;LOW" /> 
		<implication type="smaller" param="3;1,0;NRM" />
	</tablerow>
	 
	<tablerow>
		<cause type="smaller" param="2;1,0;LOW" />
		<deviation type="smaller" param="3;1,0;NRM" /> 
		<implication type="smaller" param="4;0,0;NRM" />
	</tablerow>
	 
	<tablerow>
		<cause type="rootcause" param="TANK-LEAK(1)" />
		<deviation type="never-happened" param="2;1,0;LOW" /> 
		<implication type="never-happened" param="3;1,0;NRM" />
	</tablerow>
	 
	<tablerow>
		<cause type="never-happened" param="2;1,0;LOW" />
		<deviation type="never-happened" param="3;1,0;NRM" /> 
		<implication type="never-happened" param="4;0,0;NRM" />
	</tablerow>
	 
	<tablerow>
		<cause type="rootcause" param="POS-BIAS(1)" />
		<deviation type="greater" param="1;1,0;NO" /> 
		<implication type="greater" param="2;1,0;LOW" />
	</tablerow>
	 
	<tablerow>
		<cause type="greater" param="1;1,0;NO" />
		<deviation type="greater" param="2;1,0;LOW" /> 
		<implication type="greater" param="3;1,0;NRM" />
	</tablerow>

	<tablerow>
		<cause type="greater" param="2;1,0;LOW" />
		<deviation type="greater" param="3;1,0;NRM" /> 
		<implication type="greater" param="4;0,0;NRM" />
	</tablerow>

	<tablerow> 
		<cause type="rootcause" param="POS-BIAS(1)" />
		<deviation type="earlier" param="2;1,0;LOW" /> 
		<implication type="never-happened" param="3;1,0;NRM" />
	</tablerow>

	<tablerow>
		<cause type="earlier" param="2;1,0;LOW" />
		<deviation type="never-happened" param="3;1,0;NRM" /> 
		<implication type="never-happened" param="4;0,0;NRM" />
	</tablerow>

	<tablerow>
		<cause type="rootcause" param="NEG-BIAS(1)" />
		<deviation type="smaller" param="1;1,0;NO" /> 
		<implication type="smaller" param="2;1,0;LOW" />
	</tablerow>
	 
	<tablerow>
		<cause type="smaller" param="1;1,0;NO" />
		<deviation type="smaller" param="2;1,0;LOW" /> 
		<implication type="smaller" param="3;1,0;NRM" />
	</tablerow>
	 
	<tablerow>
		<cause type="smaller" param="2;1,0;LOW" />
		<deviation type="smaller" param="3;1,0;NRM" /> 
		<implication type="smaller" param="4;0,0;NRM" />
	</tablerow>
	 
	<tablerow>
		<cause type="rootcause" param="NEG-BIAS(1)" />
		<deviation type="later" param="1;1,0;NO" /> 
		<implication type="later" param="2;1,0;LOW" />
	</tablerow>
	 
	<tablerow>
		<cause type="later" param="1;1,0;NO" />
		<deviation type="later" param="2;1,0;LOW" /> 
		<implication type="never-happened" param="3;1,0;NRM" />
	</tablerow>
	 
	<tablerow>
		<cause type="rootcause" param="VA1-CONGESTION(1)" /> 
		<deviation type="smaller" param="2;1,0;LOW" /> 
		<implication type="smaller" param="3;1,0;NRM" />
	</tablerow>
	 
	<tablerow>
		<cause type="smaller" param="2;1,0;LOW" />
		<deviation type="smaller" param="3;1,0;NRM" /> 
		<implication type="smaller" param="4;0,0;NRM" />
	</tablerow>
	 
	<tablerow>
		<cause type="rootcause" param="VA1-CONGESTION(1)" />
		<deviation type="never-happened" param="2;1,0;LOW" /> 
		<implication type="never-happened" param="3;1,0;NRM" />
	</tablerow>
	 
	<tablerow>
		<cause type="never-happened" param="2;1,0;LOW" /> 
		<deviation type="never-happened" param="3;1,0;NRM" /> 
		<implication type="never-happened" param="4;0,0;NRM" />
	</tablerow>
	 
	<tablerow>
		<cause type="rootcause" param="VA1-CLOSE(1)" />
		<deviation type="never-happened" param="4;0,0;NRM" /> 
		<implication type="notavailable" />
	</tablerow>
	 
	<tablerow>
		<cause type="rootcause" param="VA1-CLOSE(1)" />
		<deviation type="greater" param="4;0,0;NRM" /> 
		<implication type="notavailable" />
	</tablerow>

</procedurehazidtable>